{
    "network": false,
    "bg_color": [
        255,
        255,
        255
    ],
    "gui": "data/json/gui.json",
    "player": "data/json/jump_pit/player.json",
    "show_mouse": true,
    "gravity": [0,20],
    "objects": [
      {
            "layer": 3,
            "angle": 0,
            "pos": [
                -100,
                0
            ],
            "physic_objects": {
                "fixtures": [
                    {
                        "type": "box",
                        "user_data": 12
                    }
                ],
                "type": "static"
            },
            "type": "GameObject",
            "color": [0,0,255],
            "id": 0,
            "size": [
                100,
                1080
            ]
        },
      {
            "layer": 3,
            "angle": 0,
            "pos": [
                1920,
                0
            ],

            "physic_objects": {
                "fixtures": [
                    {
                        "type": "box",
                        "user_data": 21
                    }
                ],
                "type": "static"
            },
            "type": "GameObject",
            "color": [0,0,255],
            "id": 0,
            "size": [
                100,
                1080
            ]
        },
      {
            "layer": 3,
            "angle": 0,
            "pos": [
                0,
                0
            ],
            "type": "extensions.jump_pit.story_manager.StoryManager",
            "size": [
                0,0
            ]
        },
      {
            "layer": 3,
            "angle": 0,
            "pos": [
                1650,
                800
            ],
            "physic_objects": {
                "fixtures": [
                    {
                        "type": "box",
                        "user_data": 20,
                        "sensor": true
                    }
                ],
                "type": "static"
            },
            "type": "GameObject",
            "id": 0,
            "size": [
                200,
                200.0
            ]
        }
      ,
        {
            "layer": 3,
            "angle": 0,
            "pos": [
                -500,
                1000
            ],
            "physic_objects": {
                "fixtures": [
                    {
                        "type": "box",
                        "user_data": 11
                    }
                ],
                "type": "static"
            },
            "type": "game_object.rectangle.Rectangle",
            "color": [0,0,255],
            "id": 0,
            "size": [
                1000,
                200.0
            ]
        },
        {
            "layer": 3,
            "angle": 0,
            "pos": [
                1500,
                1000
            ],
            "physic_objects": {
                "fixtures": [
                    {
                        "type": "box",
                        "user_data": 11
                    }
                ],
                "type": "static"
            },
            "type": "game_object.rectangle.Rectangle",
            "color": [0,0,255],
            "id": 0,
            "ref": "second",
            "size": [
                1000,
                200.0
            ]
        }
      ,
        {
            "layer": 3,
            "angle": 0,
            "pos": [
                500,
                1000
            ],
            "physic_objects": {
                "fixtures": [
                    {
                        "type": "box",
                        "sensor": true,
                        "user_data": 101
                    }
                ],
                "type": "static"
            },
            "type": "extensions.jump_pit.invisible_box.InvisibleBox",
            "id": 0,
            "size": [
                1000,
                200.0
            ]
        }
    ],
    "checkpoints": [
        [
            0,
            0
        ]
    ],
    "physics": true,
    "events": {
        "on_init": "data/json/event.json"
    }
}