{
    "network": false, 
    "show_mouse": true, 
    "gui": "data/json/gui.json", 
    "player": "data/json/ngh/boot_player.json", 
    "bg_color": [
        255, 
        255, 
        255
    ], 
    "objects": [
        {
            "layer": 1,
            "angle": 0,
            "pos": [
                0,
                0
            ],
            "path": "data/sprites/rpg_background/background.png",
            "type": "Image",
            "id": -1,
            "size": [
                1920,
                1080
            ]
        },
      {
            "layer": 1,
            "angle": 0,
            "pos": [
                0,
                100
            ],
            "path": "data/sprites/rpg_background/land.png",
            "type": "Image",
            "id": -1,
            "size": [
                1920,
                1080
            ]
        },{
            "layer":4,
            "angle": 0,
            "pos": [
                729,
                0
            ],
            "path": "data/sprites/rpg_background/broken_boat.png",
            "type": "Image",
            "id": -1,
            "size": [
                462,260
            ],
        "physic_objects": {
                "fixtures": [
                    {
                        "type": "box",
                        "user_data": 11,
                        "size": [67,25]
                    }
                ],
                "type": "static"
            }
        },
        {
            "layer": 4, 
            "angle": 0, 
            "pos": [
                0,900
            ], 
            "physic_objects": {
                "fixtures": [
                    {
                        "type": "box", 
                        "user_data": 15
                    }
                ], 
                "type": "static"
            }, 
            "type": "GameObject", 
            "id": 1, 
            "size": [
                1920,
                370.0
            ]
        },
      {
            "layer": 4,
            "angle": 0,
            "pos": [
                -16.130029195149632,
                923.8926115926108
            ],
            "type": "extensions.newsgames.refugees.Refugees",
            "id": 1,
            "size": [
                2000,
                370.0
            ]
        }
    ], 
    "checkpoints": [
        [
            0, 
            0
        ]
    ], 
    "physics": true, 
    "events": {
        "on_init": "data/json/event.json"
    }
}