
{
  "type": "Image",
  "pos": [[0,0],[0.5,0.5]],
  "size": [200,200],
  "layer": 3,
  "anim": {
      "anim_type": "extensions.newsgames.patrol_boot.BootAnimation",
      "root_path": "data/sprites/rpg_move/",
      "path_list": [""],
      "state_range": {
          "move": [0,1]
      }
  },
  "physic_objects": {
      "type": "dynamic",
      "fixtures": [
          {
              "user_data": 2,
              "type": "box",
              "size":[50,87]
          }

      ]
  }


}