{
	"screen_size": [1920,1080],
	"fullscreen": true,
	"_startup": "data/json/platformer/platformer.json",
    "startup": "data/json/ngh/boot_game.json",
    "gravity": 0,
	"_scene": "scene.cinematic.Cinematic",
	"scene": "menu.menustate.MenuState",
	"_scene": "test.test_joystick.TestJoystick",
	"render": "sfml",
	"physics": "b2",
	"actions": "data/json/actions.json",
	"network": "none",
	"debug": false,
	"framerate": 0,
	"actions_bak": "data/json/examples/actions_bak.json",
	"HOST": "localhost",
	"PORT": 9999,
    "font": "data/font/KeepCalm-Medium.ttf"
}
