{
    "network": false, 
    "bg_color": [
        255, 
        255, 
        255
    ], 
    "gui": "data/json/gui.json", 
    "player": "data/json/rpg/rpg_player.json", 
    "show_mouse": true, 
    "objects": [
        {
            "layer": 1, 
            "angle": 0, 
            "pos": [
                -230.39999999999998, 
                -208.79999999999998
            ], 
            "path": "data/sprites/rpg_background/background.png", 
            "type": "Image", 
            "id": -1, 
            "size": [
                1440.0, 
                960.0
            ]
        }, 
        {
            "layer": 4, 
            "angle": 0, 
            "pos": [
                1132.0299708048503, 
                582.1326115926107
            ], 
            "physic_objects": {
                "fixtures": [
                    {
                        "type": "box", 
                        "user_data": 11
                    }
                ], 
                "type": "static"
            }, 
            "type": "GameObject", 
            "id": 1, 
            "size": [
                355.0, 
                370.0
            ]
        }, 
        {
            "layer": 4, 
            "angle": 0, 
            "pos": [
                214.99997456868493, 
                453.0000254313152
            ], 
            "physic_objects": {
                "fixtures": [
                    {
                        "type": "box", 
                        "user_data": 11
                    }
                ], 
                "type": "static"
            }, 
            "type": "GameObject", 
            "id": 2, 
            "size": [
                346.0, 
                323.0
            ]
        }
    ], 
    "checkpoints": [
        [
            0, 
            0
        ]
    ], 
    "physics": true, 
    "events": {
        "on_init": "data/json/event.json"
    }
}