{

       "ref": "mask",
       "pos": [0,0],
       "layer": 2,
       "type": "game_object.mask_image.MaskImage",
       "bg": {

            "angle": 0,
            "pos": [
                0,
                0
            ],
            "type": "Image",
            "path": "data/sprites/mask/texture.png",
            "id": -1,
            "size": [
                1506, 1020
            ]
    },
    "mask": {


            "angle": 0,
            "pos": [
                -500,
                -500
            ],
            "type": "Image",
            "path": "data/sprites/mask/mask.png",
            "id": -1,
            "size": [
                500,500
            ]
    }
}