
{
  "type": "Image",
  "pos": [[0,0],[0.5,0.5]],
  "size": [100,100],
  "layer": 3,
  "anim": {
      "anim_type": "animation.rpg_animation.RPGAnimation",
      "root_path": "data/sprites/rpg_move/",
      "path_list": [""],
      "state_range": {
          "up": [0,2],
          "down": [2,4],
          "left": [4,6],
          "right": [6,8],
          "up_still": [0,1],
          "down_still": [2,3],
          "left_still": [4,5],
          "right_still": [6,7]
      }
  },
  "physic_objects": {
      "type": "dynamic",
      "fixtures": [
          {
              "user_data": 1,
              "type": "box"
          }

      ]
  }


}