{
    "network": false, 
    "bg_color": [
        255, 
        255, 
        255
    ], 
    "gui": "data/json/gui.json", 
    "player": "data/json/platformer/platformer_player.json", 
    "show_mouse": true, 
    "objects": [
        {
            "layer": 3, 
            "angle": 0, 
            "pos": [
                -500, 
                1000
            ], 
            "physic_objects": {
                "fixtures": [
                    {
                        "type": "box", 
                        "user_data": 11
                    }
                ], 
                "type": "static"
            }, 
            "type": "GameObject", 
            "id": 0, 
            "size": [
                1000, 
                200.0
            ]
        }, 
        {
            "layer": 3, 
            "angle": -6, 
            "pos": [
                498.01045154620874, 
                947.7553823599543
            ], 
            "physic_objects": {
                "fixtures": [
                    {
                        "type": "box", 
                        "user_data": 11
                    }
                ], 
                "type": "static"
            }, 
            "type": "GameObject", 
            "id": 1, 
            "size": [
                1000.0, 
                200.0
            ]
        }, 
        {
            "layer": 4, 
            "angle": 4, 
            "pos": [
                1473.6000000000001, 
                940.0000000000002
            ], 
            "physic_objects": {
                "fixtures": [
                    {
                        "type": "box", 
                        "user_data": 11
                    }
                ], 
                "type": "static"
            }, 
            "type": "GameObject", 
            "id": 2, 
            "size": [
                1205.6658228759982, 
                190.0
            ]
        }, 
        {
            "layer": 4, 
            "angle": 0, 
            "pos": [
                2648.7999999999997, 
                985.6000000000001
            ], 
            "physic_objects": {
                "fixtures": [
                    {
                        "type": "box", 
                        "user_data": 11
                    }
                ], 
                "type": "static"
            }, 
            "type": "GameObject", 
            "id": 3, 
            "size": [
                750.0, 
                200.0
            ]
        }, 
        {
            "layer": 4, 
            "angle": -14, 
            "pos": [
                3369.5881607165998, 
                907.6002961654597
            ], 
            "physic_objects": {
                "fixtures": [
                    {
                        "type": "box", 
                        "user_data": 11
                    }
                ], 
                "type": "static"
            }, 
            "type": "GameObject", 
            "id": 4, 
            "size": [
                714.6234577202889, 
                210.3380342964049
            ]
        }, 
        {
            "layer": 4, 
            "angle": 27, 
            "pos": [
                3962.3999288249515, 
                1017.5999563809318
            ], 
            "physic_objects": {
                "fixtures": [
                    {
                        "type": "box", 
                        "user_data": 11
                    }
                ], 
                "type": "static"
            }, 
            "type": "GameObject", 
            "id": 5, 
            "size": [
                885.1070645240202, 
                153.51349047710343
            ]
        }
    ], 
    "checkpoints": [
        [
            0, 
            0
        ]
    ], 
    "physics": true, 
    "events": {
        "on_init": "data/json/event.json"
    }
}