{
	"type": "Image",
	"pos": [[0,0],[0.1,0.3]],
	"size": [100,100],
	"layer": 3,
	"anim": {
		"anim_type": "animation.platformer_animation.PlatformerAnimation",
		"root_path": "data/sprites/hero/",
		"path_list": ["move/", "jump/", "still/"],
		"state_range": {
			"move": [0,3],
			"jump": [3,4],
			"still": [4,5]
		}
	},
	"physic_objects": {
		"type": "dynamic",
		"fixtures": [
			{
				"user_data": 1,
				"type": "box",
				"size": [35,32]
			},
			{
				"user_data": 2,
				"type": "box",
				"pos": [0,33],
				"size": [37,5],
				"sensor": true
			}

		]
	}

}