{
    "network": false, 
    "bg_color": [
        255, 
        255, 
        255
    ], 
    "gui": "data/json/gui.json", 
    "gravity": [
        0, 
        20
    ], 
    "player": "data/json/sisyphus/falling_player.json",
    "objects": [
        {
            "layer": 3, 
            "angle": 0, 
            "color": [
                0, 
                0, 
                255
            ], 
            "pos": [
                460,
                700
            ], 
            "physic_objects": {
                "fixtures": [
                    {
                        "type": "box", 
                        "user_data": 11, 
                        "friction": 1.0
                    }
                ], 
                "type": "static"
            }, 
            "type": "game_object.rectangle.Rectangle", 
            "id": 0, 
            "size": [
                1000,
                400.0
            ]
        }
    ], 
    "checkpoints": [
        [
            0, 
            0
        ]
    ], 
    "show_mouse": true, 
    "physics": true, 
    "events": {
        "on_init": "data/json/event.json"
    }
}