{
    "network": false, 
    "bg_color": [
        255, 
        255, 
        255
    ], 
    "gui": "data/json/gui.json", 
    "gravity": [
        0, 
        20
    ], 
    "player": "data/json/sisyphus/sisyphus_player.json", 
    "objects": [
        {
            "layer": 3, 
            "angle": 0, 
            "color": [
                0, 
                0, 
                255
            ], 
            "pos": [
                472.0000000000001,
                964.0
            ], 
            "physic_objects": {
                "fixtures": [
                    {
                        "type": "box", 
                        "user_data": 11, 
                        "friction": 1.0
                    }
                ], 
                "type": "static"
            }, 
            "type": "game_object.rectangle.Rectangle", 
            "id": 0, 
            "size": [
                3000.0, 
                400.0
            ]
        }, 
        {
            "layer": 3, 
            "angle": 90.08034601968502, 
            "color": [
                0, 
                255, 
                0
            ], 
            "pos": [
                0,
                858.4938049316407
            ], 
            "physic_objects": {
                "fixtures": [
                    {
                        "type": "box", 
                        "user_data": 15, 
                        "friction": 60.0
                    }
                ], 
                "type": "dynamic", 
                "fixedRotation": true
            }, 
            "type": "extensions.sisyphus.rock.Rock", 
            "id": 0, 
            "size": [
                100.0, 
                100.0
            ]
        }, 
        {
            "layer": 4, 
            "angle": -4, 
            "color": [
                0, 
                0, 
                255
            ], 
            "pos": [
                -761.3999999999999, 
                1006.9999999999999
            ], 
            "physic_objects": {
                "fixtures": [
                    {
                        "type": "box", 
                        "user_data": 11, 
                        "friction": 1.0
                    }
                ], 
                "type": "static"
            }, 
            "type": "game_object.rectangle.Rectangle", 
            "id": 3, 
            "size": [
                1240.8, 
                180.0
            ]
        }, 
        {
            "layer": 4, 
            "angle": -4, 
            "color": [
                0, 
                0, 
                255
            ], 
            "pos": [
                1469.0, 
                938.0
            ], 
            "physic_objects": {
                "fixtures": [
                    {
                        "type": "box", 
                        "user_data": 11
                    }
                ], 
                "type": "static"
            }, 
            "type": "game_object.rectangle.Rectangle", 
            "id": 3, 
            "size": [
                763.3199086892644, 
                139.0
            ]
        }
    ], 
    "checkpoints": [
        [
            0, 
            0
        ]
    ], 
    "show_mouse": true, 
    "physics": true, 
    "events": {
        "on_init": "data/json/event.json"
    }
}