{
    "network": false, 
    "objects": [
        {
            "layer": 3, 
            "angle": -4, 
            "color": [
                0, 
                0, 
                255
            ], 
            "pos": [
                -521.6, 
                882.3999999999999
            ], 
            "physic_objects": {
                "fixtures": [
                    {
                        "type": "box", 
                        "user_data": 11,
                        "friction": 1.0
                    }
                ], 
                "type": "static"
            }, 
            "type": "game_object.rectangle.Rectangle", 
            "id": 0, 
            "size": [
                3000.0, 
                400.0
            ]
        }, 
        {
            "layer": 3, 
            "angle": -4, 
            "color": [
                0, 
                255, 
                0
            ], 
            "pos": [
                856.8000000000001, 
                788.0
            ], 
            "physic_objects": {
                "fixtures": [
                    {
                        "type": "box", 
                        "user_data": 15,
                      "friction": 60.0,
                      "mass":40
                    }
                ], 
                "type": "dynamic",
              "fixedRotation":true
            }, 
            "type": "extensions.sisyphus.rock.Rock", 
            "id": 0, 
            "size": [
                100.0, 
                100.0
            ]
        },{
            "layer": 3,
            "angle": 0,
            "pos": [
                0,
                0
            ],
            "type": "extensions.sisyphus.story_manager.StoryManager",
            "size": [
                0,0
            ],
            "ref": "story"
        }
    ], 
    "bg_color": [
        255, 
        255, 
        255
    ], 
    "gui": "data/json/gui.json", 
    "gravity": [
        0, 
        20
    ], 
    "player": "data/json/sisyphus/sisyphus_player.json", 
    "show_mouse": true, 
    "checkpoints": [
        [
            0, 
            0
        ]
    ], 
    "physics": true, 
    "events": {
        "on_init": "data/json/event.json"
    }
}