{
    "network": false, 
    "bg_color": [
        255, 
        255, 
        255
    ], 
    "gui": "data/json/gui.json", 
    "player": "data/json/player.json",
    "show_mouse": true, 
    "objects": [
        {
            "layer": 3, 
            "angle": -8, 
            "pos": [
                -458.856167953336, 
                1134.4689782661628
            ], 
            "physic_objects": {
                "fixtures": [
                    {
                        "type": "box", 
                        "user_data": 11
                    }
                ], 
                "type": "static"
            }, 
            "type": "GameObject", 
            "id": 0, 
            "size": [
                1052.850844627425, 
                200.0
            ]
        }, 
        {
            "layer": 3, 
            "angle": 180,
            "pos": [
                1551.574621094404, 
                1308.3840449640368
            ], 
            "physic_objects": {
                "fixtures": [
                    {
                        "type": "box", 
                        "user_data": 11
                    }
                ], 
                "type": "static"
            }, 
            "type": "GameObject", 
            "id": 1, 
            "size": [
                1000.0, 
                200.0
            ]
        }, 
        {
            "layer": 4, 
            "angle": -11, 
            "pos": [
                1533.6968542493478, 
                1114.9625066344602
            ], 
            "physic_objects": {
                "fixtures": [
                    {
                        "type": "box", 
                        "user_data": 11
                    }
                ], 
                "type": "static"
            }, 
            "type": "GameObject", 
            "id": 2, 
            "size": [
                1205.6658228759982, 
                190.0
            ]
        }, 
        {
            "layer": 4, 
            "angle": -16, 
            "pos": [
                3259.392938423946, 
                1195.289711266354
            ], 
            "physic_objects": {
                "fixtures": [
                    {
                        "type": "box", 
                        "user_data": 11
                    }
                ], 
                "type": "static"
            }, 
            "type": "GameObject", 
            "id": 3, 
            "size": [
                714.6234577202889, 
                174.19226535351942
            ]
        }, 
        {
            "layer": 4, 
            "angle": 23, 
            "pos": [
                2716.338053271388, 
                887.9063174275005
            ], 
            "physic_objects": {
                "fixtures": [
                    {
                        "type": "box", 
                        "user_data": 11
                    }
                ], 
                "type": "static"
            }, 
            "type": "GameObject", 
            "id": 4, 
            "size": [
                714.6234577202889, 
                210.3380342964049
            ]
        }, 
        {
            "layer": 4, 
            "angle": -88, 
            "pos": [
                2460.2579097805565, 
                1812.6246006903134
            ], 
            "physic_objects": {
                "fixtures": [
                    {
                        "type": "box", 
                        "user_data": 0
                    }
                ], 
                "type": "static"
            }, 
            "type": "GameObject", 
            "id": 5, 
            "size": [
                656.6812158656571, 
                153.51349047710343
            ]
        }
    ], 
    "checkpoints": [
        [
            0, 
            0
        ]
    ], 
    "physics": true, 
    "events": {
        "on_init": "data/json/event.json"
    }
}