{
	"screen_size": [1920,1080],
	"fullscreen": true,
	"_startup": "data/json/platformer/platformer.json",
    "_startup": "data/json/rpg/rpg.json",
    "startup": "data/json/jump_pit/jump_pit.json",
    "gravity": 20,
	"_scene": "scene.cinematic.Cinematic",
	"scene": "menu.menustate.MenuState",
	"_scene": "test.test_joystick.TestJoystick",
	"render": "sfml",
	"physics": "b2",
	"actions": "data/json/actions.json",
	"network": "None",
	"debug": false,
    "font": "data/font/GeosansLight.ttf",
	"framerate": 60,
	"actions_bak": "data/json/examples/actions_bak.json",
	"HOST": "localhost",
	"PORT": 9999
}
